{"4aca76c3-3d67-4bcf-88a0-4054b56e25b3": [1748039386.866541, 7, 1748039459.990756, 17, 1748039492.38125, 30], "adf112a4-2da6-487b-8f4b-d32eebacb54a": [1748039399.108106, 8], "1e6bda30-5746-4dab-87c2-5fd6a6d40e06": [], "30f1af80-1473-40f8-a07d-2f2ca5950926": [1748039419.247642, 17, 1748039521.693818, 26, 1748039552.931896, 29], "ae950616-5107-4c1f-9b82-1e4ba6295b83": []}