{"Project 1": [1748022885.514046, 11, 1748023007.487711, 16, 1748023095.460962, 74], "Project 2": [1748022893.692164, 5], "Project 3": [1748022918.415705, 8], "Project 4": [1748022973.648576, 38], "Project 5": []}