{"Project 1": [1748044036.609982, 4, 1748044044.172907, 6, 1748131236.165972, 6, 1748132124.078594, 24], "Project 2": [1748044130.894909, 4, 1748131245.478668, 6], "Project 3": [1748044081.840642, 5, 1748044100.386728, 16, 1748044123.120803, 21, 1748131318.65449, 26]}